中转IP,中转端口,回源IP,国家,数据中心,IP类型,网络延迟
47.90.206.161,443,47.90.206.161,US,Ashburn,中转,6 ms
47.88.7.169,443,47.88.7.169,US,San Jose,中转,8 ms
47.88.95.129,443,47.88.95.129,US,San Jose,中转,2 ms
8.211.23.8,443,8.211.23.8,DE,Frankfurt,中转,14 ms
198.11.174.165,443,198.11.174.165,US,San Jose,中转,1 ms
8.211.30.39,443,8.211.30.39,DE,Amsterdam,中转,2 ms
47.252.30.120,443,47.252.30.120,US,Ashburn,中转,1 ms
47.245.135.53,443,47.245.135.53,DE,Frankfurt,中转,5 ms
8.209.255.63,443,8.209.255.63,JP,Tokyo,中转,69 ms
47.89.246.12,443,47.89.246.12,US,San Jose,中转,2 ms
47.91.90.23,443,47.91.90.23,DE,Frankfurt,中转,0 ms
47.252.45.7,443,47.252.45.7,US,Ashburn,中转,3 ms
8.211.20.44,443,2606:f240:f00:eaf1:0:4283:e50a:3df3,US,Frankfurt,隧道,1 ms
47.90.176.220,443,47.90.176.220,US,Ashburn,中转,1 ms
47.90.207.194,443,47.90.207.194,US,Ashburn,中转,9 ms
47.88.57.205,443,47.88.57.205,US,San Jose,中转,6 ms
198.11.183.133,443,198.11.183.133,US,San Jose,中转,1 ms
47.254.41.121,443,47.254.41.121,US,San Jose,中转,5 ms
47.88.1.149,443,47.88.1.149,US,San Jose,中转,0 ms
8.211.31.217,443,8.211.31.217,DE,Frankfurt,中转,71 ms
8.211.55.152,443,8.211.55.152,DE,Frankfurt,中转,0 ms
47.254.131.42,443,47.254.131.42,DE,Frankfurt,中转,12 ms
47.253.45.100,443,47.253.45.100,US,Ashburn,中转,2 ms
47.89.156.141,443,47.89.156.141,US,Ashburn,中转,8 ms
8.211.28.151,443,8.211.28.151,DE,Frankfurt,中转,11 ms
8.208.85.121,443,8.208.85.121,GB,London,中转,1 ms
47.251.8.25,443,47.251.8.25,US,San Jose,中转,1 ms
47.91.89.210,443,2a0b:21c0:100a:1b1:0:2466:925:957f,NL,Frankfurt,隧道,0 ms
47.243.107.181,443,47.243.107.181,HK,Hong Kong,中转,1 ms
8.211.42.223,443,98.98.156.14,US,Frankfurt,隧道,1 ms
47.245.160.222,443,47.245.160.222,DE,Frankfurt,中转,1 ms
8.211.29.169,443,8.211.29.169,DE,Frankfurt,中转,1 ms
47.88.19.50,443,47.88.19.50,US,San Jose,中转,1 ms
47.254.135.246,443,47.254.135.246,DE,Amsterdam,中转,5 ms
8.211.26.69,443,8.211.26.69,DE,Frankfurt,中转,2 ms
47.254.46.55,443,47.254.46.55,US,San Jose,中转,1 ms
47.252.43.108,443,47.252.43.108,US,Ashburn,中转,5 ms
8.209.64.171,443,8.209.64.171,DE,Amsterdam,中转,1 ms
47.88.105.202,443,47.88.105.202,US,San Jose,中转,5 ms
47.254.24.173,443,47.254.24.173,US,San Jose,中转,4 ms
47.254.155.241,443,47.254.155.241,DE,Amsterdam,中转,2 ms
47.254.132.194,443,47.254.132.194,DE,Frankfurt,中转,72 ms
8.211.31.145,443,8.211.31.145,DE,Amsterdam,中转,1 ms
8.209.119.3,443,8.209.119.3,DE,Frankfurt,中转,65 ms
8.211.1.249,443,8.211.1.249,DE,Frankfurt,中转,1 ms
47.88.55.142,443,47.88.55.142,US,San Jose,中转,9 ms
47.253.89.204,443,47.253.89.204,US,Ashburn,中转,10 ms
47.74.36.104,443,47.74.36.104,JP,Tokyo,中转,10 ms
47.245.136.126,443,47.245.136.126,DE,Frankfurt,中转,6 ms
47.245.176.158,443,47.245.176.158,DE,Frankfurt,中转,6 ms
47.91.76.101,443,47.91.76.101,DE,Frankfurt,中转,102 ms
47.254.145.252,443,47.254.145.252,DE,Frankfurt,中转,12 ms
47.90.214.77,443,47.90.214.77,US,Ashburn,中转,99 ms
47.89.235.136,443,47.89.235.136,US,San Jose,中转,11 ms
47.245.164.183,443,47.245.164.183,DE,Frankfurt,中转,1 ms
47.253.32.173,443,47.253.32.173,US,Ashburn,中转,1 ms
47.252.34.244,443,47.252.34.244,US,Ashburn,中转,3 ms
8.211.15.60,443,8.211.15.60,DE,Frankfurt,中转,1 ms
47.91.18.155,443,47.91.18.155,JP,Tokyo,中转,6 ms
47.88.93.96,443,47.88.93.96,US,San Jose,中转,3 ms
47.254.152.42,443,47.254.152.42,DE,Frankfurt,中转,1 ms
47.254.129.157,443,47.254.129.157,DE,Frankfurt,中转,6 ms
47.245.162.50,443,47.245.162.50,DE,Amsterdam,中转,1 ms
47.88.78.221,443,47.88.78.221,US,San Jose,中转,7 ms
47.245.167.222,443,47.245.167.222,DE,Frankfurt,中转,17 ms
8.211.18.155,443,2a0b:21c0:100a:1b5:0:5911:57ec:8501,NL,Frankfurt,隧道,68 ms
8.211.30.186,443,8.211.30.186,DE,Amsterdam,中转,1 ms
8.211.26.4,443,2a0b:21c0:100a:1b0:0:334:1877:ecd2,NL,Frankfurt,隧道,0 ms
47.74.9.185,443,47.74.9.185,JP,Tokyo,中转,1 ms
8.209.70.10,443,8.209.70.10,DE,Frankfurt,中转,69 ms
8.211.63.202,443,2606:f240:f00:46c4:0:50fb:e3b5:d715,US,Frankfurt,隧道,0 ms
47.253.92.199,443,47.253.92.199,US,Ashburn,中转,0 ms
8.208.3.32,443,8.208.3.32,GB,London,中转,15 ms
47.89.217.116,443,47.89.217.116,US,San Jose,中转,1 ms
8.208.79.207,443,8.208.79.207,GB,London,中转,1 ms
47.89.208.173,443,47.89.208.173,US,San Jose,中转,3 ms
47.89.216.90,443,47.89.216.90,US,San Jose,中转,0 ms
8.211.25.61,443,8.211.25.61,DE,Frankfurt,中转,1 ms
47.251.35.125,443,47.251.35.125,US,San Jose,中转,0 ms
47.88.93.194,443,47.88.93.194,US,San Jose,中转,1 ms
47.253.47.196,443,47.253.47.196,US,Ashburn,中转,1 ms
47.91.17.35,443,47.91.17.35,JP,Tokyo,中转,1 ms
47.74.36.11,443,47.74.36.11,JP,Tokyo,中转,1 ms
47.89.158.58,443,47.89.158.58,US,Ashburn,中转,5 ms
47.254.157.114,443,47.254.157.114,DE,Frankfurt,中转,0 ms
47.251.44.113,443,47.251.44.113,US,San Jose,中转,1 ms
47.74.19.187,443,47.74.19.187,JP,Tokyo,中转,3 ms
47.254.29.49,443,47.254.29.49,US,San Jose,中转,4 ms
8.219.122.193,443,8.219.122.193,SG,Singapore,中转,0 ms
47.89.186.179,443,47.89.186.179,US,Ashburn,中转,2 ms
8.209.85.12,443,8.209.85.12,DE,Frankfurt,中转,7 ms
47.88.31.36,443,47.88.31.36,US,San Jose,中转,0 ms
47.251.46.246,443,47.251.46.246,US,San Jose,中转,7 ms
8.211.59.90,443,8.211.59.90,DE,Frankfurt,中转,2 ms
8.209.85.111,443,2606:f240:f00:eaf1:0:78d4:bd9:d5fb,US,Frankfurt,隧道,1 ms
47.251.35.128,443,47.251.35.128,US,San Jose,中转,2 ms
47.254.95.0,443,47.254.95.0,US,San Jose,中转,4 ms
8.209.80.231,443,8.209.80.231,DE,Frankfurt,中转,0 ms
47.245.165.165,443,47.245.165.165,DE,Frankfurt,中转,1 ms
47.252.46.195,443,47.252.46.195,US,Ashburn,中转,1 ms
8.222.164.89,443,8.222.164.89,SG,Singapore,中转,0 ms
47.91.87.215,443,47.91.87.215,DE,Frankfurt,中转,1 ms
47.252.38.189,443,47.252.38.189,US,Ashburn,中转,6 ms
47.251.38.154,443,47.251.38.154,US,San Jose,中转,35 ms
47.254.155.13,443,47.254.155.13,DE,Frankfurt,中转,1 ms
47.89.252.10,443,47.89.252.10,US,San Jose,中转,3 ms
47.245.161.109,443,47.245.161.109,DE,Frankfurt,中转,7 ms
47.91.90.117,443,47.91.90.117,DE,Frankfurt,中转,1 ms
47.251.45.140,443,47.251.45.140,US,San Jose,中转,3 ms
47.88.1.6,443,47.88.1.6,US,San Jose,中转,0 ms
47.91.86.229,443,47.91.86.229,DE,Frankfurt,中转,11 ms
47.74.45.108,443,47.74.45.108,JP,Tokyo,中转,73 ms
47.91.22.186,443,47.91.22.186,JP,Tokyo,中转,1 ms
8.209.114.245,443,8.209.114.245,DE,Frankfurt,中转,3 ms
47.254.68.136,443,47.254.68.136,US,San Jose,中转,3 ms
47.91.95.16,443,47.91.95.16,DE,Amsterdam,中转,1 ms
47.251.34.41,443,47.251.34.41,US,San Jose,中转,66 ms
47.74.56.132,443,47.74.56.132,JP,Tokyo,中转,1 ms
47.88.27.83,443,47.88.27.83,US,San Jose,中转,70 ms
47.251.39.22,443,47.251.39.22,US,San Jose,中转,0 ms
47.245.183.165,443,47.245.183.165,DE,Amsterdam,中转,0 ms
47.254.89.236,443,47.254.89.236,US,San Jose,中转,0 ms
47.245.166.135,443,47.245.166.135,DE,Frankfurt,中转,180 ms
47.90.134.141,443,47.90.134.141,US,Ashburn,中转,0 ms
47.252.16.47,443,47.252.16.47,US,Ashburn,中转,1 ms
47.245.165.87,443,47.245.165.87,DE,Frankfurt,中转,6 ms
47.74.34.51,443,47.74.34.51,JP,Tokyo,中转,1 ms
47.88.0.55,443,47.88.0.55,US,San Jose,中转,1 ms
47.74.6.68,443,47.74.6.68,JP,Tokyo,中转,0 ms
47.245.134.75,443,47.245.134.75,DE,Amsterdam,中转,68 ms
47.251.11.53,443,47.251.11.53,US,San Jose,中转,80 ms
8.208.90.50,443,8.208.90.50,GB,London,中转,1 ms
8.211.28.93,443,8.211.28.93,DE,Frankfurt,中转,1 ms
47.90.205.170,443,47.90.205.170,US,Ashburn,中转,22 ms
47.88.23.162,443,47.88.23.162,US,San Jose,中转,1 ms
47.88.0.149,443,47.88.0.149,US,San Jose,中转,78 ms
198.11.182.159,443,198.11.182.159,US,San Jose,中转,12 ms
47.88.11.121,443,47.88.11.121,US,San Jose,中转,1 ms
47.254.155.254,443,47.254.155.254,DE,Amsterdam,中转,14 ms
47.245.161.40,443,47.245.161.40,DE,Frankfurt,中转,1 ms
8.208.19.234,443,8.208.19.234,GB,London,中转,74 ms
8.208.25.197,443,8.208.25.197,GB,London,中转,16 ms
8.209.116.201,443,8.209.116.201,DE,Frankfurt,中转,5 ms
47.245.177.18,443,47.245.177.18,DE,Frankfurt,中转,5 ms
47.89.248.153,443,47.89.248.153,US,San Jose,中转,4 ms
47.88.4.148,443,47.88.4.148,US,San Jose,中转,2 ms
8.211.29.5,443,8.211.29.5,DE,Frankfurt,中转,2 ms
47.88.8.156,443,47.88.8.156,US,San Jose,中转,4 ms
47.252.28.127,443,47.252.28.127,US,Ashburn,中转,1 ms
47.253.87.105,443,47.253.87.105,US,Ashburn,中转,3 ms
47.252.19.149,443,47.252.19.149,US,Ashburn,中转,0 ms
47.90.138.125,443,47.90.138.125,US,Ashburn,中转,3 ms
8.209.69.195,443,8.209.69.195,DE,Frankfurt,中转,6 ms
47.74.53.81,443,47.74.53.81,JP,Tokyo,中转,3 ms
8.209.91.121,443,8.209.91.121,DE,Frankfurt,中转,1 ms
47.251.15.211,443,47.251.15.211,US,San Jose,中转,1 ms
47.88.1.122,443,47.88.1.122,US,San Jose,中转,0 ms
47.251.33.207,443,47.251.33.207,US,San Jose,中转,0 ms
8.209.91.157,443,8.209.91.157,DE,Frankfurt,中转,0 ms
47.88.29.221,443,47.88.29.221,US,San Jose,中转,1 ms
47.88.54.95,443,47.88.54.95,US,San Jose,中转,4 ms
47.254.26.110,443,47.254.26.110,US,San Jose,中转,1 ms
47.89.219.201,443,47.89.219.201,US,San Jose,中转,0 ms
8.211.59.1,443,8.211.59.1,DE,Frankfurt,中转,0 ms
47.88.17.53,443,47.88.17.53,US,San Jose,中转,1 ms
8.209.91.249,443,8.209.91.249,DE,Frankfurt,中转,5 ms
47.91.10.2,443,47.91.10.2,JP,Tokyo,中转,30 ms
47.254.154.14,443,47.254.154.14,DE,Frankfurt,中转,0 ms
8.209.79.65,443,8.209.79.65,DE,Frankfurt,中转,2 ms
8.208.25.37,443,8.208.25.37,GB,London,中转,0 ms
8.211.47.232,443,8.211.47.232,DE,Frankfurt,中转,1 ms
47.245.165.96,443,47.245.165.96,DE,Amsterdam,中转,1 ms
198.11.182.27,443,198.11.182.27,US,San Jose,中转,1 ms
8.208.22.82,443,8.208.22.82,GB,London,中转,3 ms
47.88.21.196,443,47.88.21.196,US,San Jose,中转,8 ms
8.208.84.216,443,8.208.84.216,GB,London,中转,1 ms
47.91.19.175,443,47.91.19.175,JP,Tokyo,中转,1 ms
47.253.89.150,443,47.253.89.150,US,Ashburn,中转,1 ms
47.252.38.156,443,47.252.38.156,US,Ashburn,中转,1 ms
47.91.16.214,443,47.91.16.214,JP,Tokyo,中转,2 ms
47.90.133.187,443,47.90.133.187,US,Ashburn,中转,2 ms
47.88.26.237,443,47.88.26.237,US,San Jose,中转,0 ms
47.254.32.98,443,47.254.32.98,US,San Jose,中转,1 ms
47.245.166.128,443,47.245.166.128,DE,Frankfurt,中转,71 ms
8.222.135.61,443,8.222.135.61,SG,Singapore,中转,17 ms
47.90.210.23,443,47.90.210.23,US,Ashburn,中转,4 ms
47.251.46.127,443,47.251.46.127,US,San Jose,中转,3 ms
47.74.49.128,443,47.74.49.128,JP,Tokyo,中转,0 ms
47.89.245.30,443,47.89.245.30,US,San Jose,中转,2 ms
8.211.59.2,443,8.211.59.2,DE,Frankfurt,中转,1 ms
8.209.69.203,443,8.209.69.203,DE,Frankfurt,中转,2 ms
8.209.64.189,443,8.209.64.189,DE,Amsterdam,中转,73 ms
47.251.15.57,443,47.251.15.57,US,San Jose,中转,1 ms
47.89.234.87,443,47.89.234.87,US,San Jose,中转,5 ms
47.252.40.155,443,47.252.40.155,US,Ashburn,中转,1 ms
47.88.33.247,443,47.88.33.247,US,San Jose,中转,1 ms
47.251.13.240,443,47.251.13.240,US,San Jose,中转,0 ms
47.254.66.53,443,47.254.66.53,US,San Jose,中转,2 ms
47.251.4.58,443,47.251.4.58,US,San Jose,中转,70 ms
8.211.61.51,443,2a0b:21c0:100a:1b1:0:c66e:3e83:12c1,NL,Frankfurt,隧道,78 ms
47.91.74.111,443,47.91.74.111,DE,Frankfurt,中转,3 ms
47.245.128.113,443,2a0b:21c0:100a:1b6:0:6f13:91ea:662a,NL,Frankfurt,隧道,1 ms
47.254.90.149,443,47.254.90.149,US,San Jose,中转,0 ms
8.208.24.67,443,8.208.24.67,GB,London,中转,0 ms
47.251.43.111,443,47.251.43.111,US,San Jose,中转,1 ms
47.254.46.68,443,47.254.46.68,US,San Jose,中转,1 ms
47.254.65.227,443,47.254.65.227,US,San Jose,中转,0 ms
8.211.29.10,443,8.211.29.10,DE,Frankfurt,中转,76 ms
47.254.148.103,443,47.254.148.103,DE,Frankfurt,中转,7 ms
47.251.4.165,443,47.251.4.165,US,San Jose,中转,7 ms
47.251.0.253,443,47.251.0.253,US,San Jose,中转,11 ms
8.208.13.33,443,8.208.13.33,GB,London,中转,7 ms
8.209.83.74,443,8.209.83.74,DE,Amsterdam,中转,0 ms
47.91.72.82,443,2a0b:21c0:100a:1b2:0:8f62:1a22:2fc4,NL,Frankfurt,隧道,51 ms
47.254.19.56,443,47.254.19.56,US,San Jose,中转,3 ms
47.74.43.95,443,47.74.43.95,JP,Tokyo,中转,70 ms
8.209.249.104,443,8.209.249.104,JP,Tokyo,中转,0 ms
198.11.177.93,443,198.11.177.93,US,San Jose,中转,5 ms
47.88.10.116,443,47.88.10.116,US,San Jose,中转,0 ms
47.88.21.200,443,47.88.21.200,US,San Jose,中转,1 ms
47.254.155.44,443,47.254.155.44,DE,Frankfurt,中转,10 ms
47.74.18.79,443,47.74.18.79,JP,Tokyo,中转,0 ms
47.245.128.26,443,47.245.128.26,DE,Frankfurt,中转,0 ms
8.222.166.38,443,8.222.166.38,SG,Singapore,中转,1 ms
47.89.194.219,443,47.89.194.219,US,San Jose,中转,1 ms
47.88.26.136,443,47.88.26.136,US,San Jose,中转,9 ms
8.209.116.41,443,8.209.116.41,DE,Frankfurt,中转,1 ms
47.89.195.232,443,47.89.195.232,US,San Jose,中转,0 ms
47.89.212.235,443,47.89.212.235,US,San Jose,中转,3 ms
8.211.58.228,443,8.211.58.228,DE,Frankfurt,中转,72 ms
47.90.248.178,443,47.90.248.178,US,Ashburn,中转,2 ms
47.245.3.177,443,47.245.3.177,JP,Tokyo,中转,0 ms
47.90.166.178,443,47.90.166.178,US,Ashburn,中转,5 ms
47.245.162.46,443,47.245.162.46,DE,Frankfurt,中转,2 ms
198.11.182.34,443,198.11.182.34,US,San Jose,中转,8 ms
47.245.161.198,443,47.245.161.198,DE,Frankfurt,中转,4 ms
8.209.110.147,443,2a0b:21c0:100a:1f9:0:55dd:dea3:b32d,NL,Frankfurt,隧道,0 ms
47.254.74.155,443,47.254.74.155,US,San Jose,中转,78 ms
47.252.28.100,443,47.252.28.100,US,Ashburn,中转,0 ms
47.91.72.24,443,47.91.72.24,DE,Frankfurt,中转,2 ms
47.89.154.133,443,47.89.154.133,US,Ashburn,中转,67 ms
47.91.75.29,443,47.91.75.29,DE,Frankfurt,中转,0 ms
47.251.46.174,443,47.251.46.174,US,San Jose,中转,0 ms
47.252.46.128,443,47.252.46.128,US,Ashburn,中转,8 ms
47.254.144.62,443,47.254.144.62,DE,Frankfurt,中转,2 ms
47.88.77.5,443,47.88.77.5,US,San Jose,中转,1 ms
8.211.9.171,443,8.211.9.171,DE,Amsterdam,中转,0 ms
47.251.37.56,443,47.251.37.56,US,San Jose,中转,7 ms
47.88.33.77,443,47.88.33.77,US,San Jose,中转,5 ms
47.74.6.175,443,47.74.6.175,JP,Tokyo,中转,3 ms
8.209.64.142,443,8.209.64.142,DE,Frankfurt,中转,77 ms
8.209.74.59,443,8.209.74.59,DE,Frankfurt,中转,1 ms
8.209.71.222,443,8.209.71.222,DE,Amsterdam,中转,1 ms
8.209.117.16,443,8.209.117.16,DE,Frankfurt,中转,0 ms
47.89.240.18,443,47.89.240.18,US,San Jose,中转,5 ms
47.252.26.216,443,47.252.26.216,US,Ashburn,中转,77 ms
8.222.184.54,443,8.222.184.54,SG,Singapore,中转,1 ms
47.88.10.210,443,47.88.10.210,US,San Jose,中转,1 ms
47.251.12.80,443,47.251.12.80,US,San Jose,中转,40 ms
8.211.21.12,443,2606:f240:f00:eaf1:0:dc90:78f7:29b5,US,Frankfurt,隧道,1 ms
47.88.3.124,443,47.88.3.124,US,San Jose,中转,2 ms
47.253.49.83,443,47.253.49.83,US,Ashburn,中转,0 ms
8.218.143.10,443,8.218.143.10,HK,Hong Kong,中转,0 ms
47.245.131.21,443,47.245.131.21,DE,Frankfurt,中转,1 ms
47.245.168.53,443,47.245.168.53,DE,Frankfurt,中转,1 ms
47.89.154.251,443,47.89.154.251,US,Ashburn,中转,5 ms
47.74.19.91,443,47.74.19.91,JP,Tokyo,中转,57 ms
47.88.59.236,443,47.88.59.236,US,San Jose,中转,2 ms
8.209.99.75,443,98.98.156.34,US,Frankfurt,隧道,0 ms
47.254.155.210,443,47.254.155.210,DE,Amsterdam,中转,1 ms
47.74.37.7,443,47.74.37.7,JP,Tokyo,中转,1 ms
47.91.76.187,443,47.91.76.187,DE,Frankfurt,中转,1 ms
47.245.4.155,443,47.245.4.155,JP,Tokyo,中转,0 ms
8.211.14.254,443,8.211.14.254,DE,Frankfurt,中转,1 ms
8.211.54.55,443,8.211.54.55,DE,Frankfurt,中转,2 ms
47.89.249.196,443,47.89.249.196,US,San Jose,中转,0 ms
47.254.151.75,443,47.254.151.75,DE,Frankfurt,中转,1 ms
47.254.17.24,443,47.254.17.24,US,San Jose,中转,0 ms
47.245.183.200,443,47.245.183.200,DE,Amsterdam,中转,0 ms
47.89.187.234,443,47.89.187.234,US,Ashburn,中转,1 ms
47.254.149.192,443,47.254.149.192,DE,Frankfurt,中转,6 ms
47.88.51.62,443,47.88.51.62,US,San Jose,中转,1 ms
47.251.0.163,443,47.251.0.163,US,San Jose,中转,1 ms
47.251.44.78,443,47.251.44.78,US,San Jose,中转,3 ms
8.209.220.182,443,8.209.220.182,JP,Tokyo,中转,0 ms
47.251.13.78,443,47.251.13.78,US,San Jose,中转,2 ms
47.253.94.70,443,47.253.94.70,US,Ashburn,中转,1 ms
47.252.87.118,443,47.252.87.118,US,Ashburn,中转,9 ms
8.209.80.101,443,8.209.80.101,DE,Frankfurt,中转,6 ms
47.88.30.132,443,47.88.30.132,US,San Jose,中转,79 ms
47.254.44.188,443,47.254.44.188,US,San Jose,中转,7 ms
47.254.16.210,443,47.254.16.210,US,San Jose,中转,0 ms
47.254.78.157,443,47.254.78.157,US,San Jose,中转,1 ms
47.251.9.129,443,47.251.9.129,US,San Jose,中转,67 ms
8.208.26.224,443,8.208.26.224,GB,London,中转,75 ms
8.209.77.78,443,8.209.77.78,DE,Frankfurt,中转,1 ms
8.211.29.119,443,8.211.29.119,DE,Amsterdam,中转,1 ms
8.222.194.210,443,8.222.194.210,SG,Singapore,中转,10 ms
47.88.102.117,443,47.88.102.117,US,San Jose,中转,1 ms
47.254.133.147,443,47.254.133.147,DE,Frankfurt,中转,1 ms
47.253.81.107,443,47.253.81.107,US,Ashburn,中转,1 ms
47.74.51.192,443,47.74.51.192,JP,Tokyo,中转,1 ms
8.211.30.121,443,8.211.30.121,DE,Frankfurt,中转,68 ms
47.245.166.18,443,47.245.166.18,DE,Frankfurt,中转,1 ms
47.251.14.17,443,47.251.14.17,US,San Jose,中转,1 ms
47.254.130.210,443,47.254.130.210,DE,Frankfurt,中转,5 ms
8.211.6.253,443,2606:f240:f00:46c4:0:32e:159b:de19,US,Frankfurt,隧道,1 ms
47.245.178.34,443,47.245.178.34,DE,Frankfurt,中转,3 ms
47.253.61.166,443,47.253.61.166,US,Ashburn,中转,2 ms
47.254.134.122,443,47.254.134.122,DE,Frankfurt,中转,1 ms
47.89.248.110,443,47.89.248.110,US,San Jose,中转,1 ms
47.254.135.191,443,47.254.135.191,DE,Frankfurt,中转,3 ms
47.253.47.29,443,47.253.47.29,US,Ashburn,中转,0 ms
47.88.13.230,443,47.88.13.230,US,San Jose,中转,3 ms
47.253.88.41,443,47.253.88.41,US,Ashburn,中转,3 ms
8.211.31.146,443,8.211.31.146,DE,Amsterdam,中转,2 ms
47.245.166.30,443,47.245.166.30,DE,Amsterdam,中转,1 ms
8.208.77.8,443,8.208.77.8,GB,London,中转,3 ms
47.251.49.229,443,47.251.49.229,US,San Jose,中转,3 ms
8.208.86.31,443,8.208.86.31,GB,London,中转,10 ms
47.88.9.127,443,47.88.9.127,US,San Jose,中转,1 ms
8.209.83.117,443,8.209.83.117,DE,Frankfurt,中转,1 ms
47.89.255.229,443,47.89.255.229,US,San Jose,中转,1 ms
47.89.212.53,443,47.89.212.53,US,San Jose,中转,7 ms
47.88.8.129,443,47.88.8.129,US,San Jose,中转,69 ms
47.90.176.219,443,47.90.176.219,US,Ashburn,中转,0 ms
8.209.110.35,443,8.209.110.35,DE,Frankfurt,中转,3 ms
47.251.46.161,443,47.251.46.161,US,San Jose,中转,2 ms
8.211.47.29,443,2a0b:21c0:100a:1b2:0:a8c5:7b51:2a01,NL,Frankfurt,隧道,4 ms
47.245.166.53,443,47.245.166.53,DE,Amsterdam,中转,1 ms
47.245.161.33,443,47.245.161.33,DE,Amsterdam,中转,3 ms
47.88.57.158,443,47.88.57.158,US,San Jose,中转,13 ms
8.211.27.118,443,8.211.27.118,DE,Frankfurt,中转,14 ms
47.251.8.11,443,47.251.8.11,US,San Jose,中转,1 ms
8.209.127.238,443,8.209.127.238,DE,Frankfurt,中转,1 ms
47.252.12.229,443,47.252.12.229,US,Ashburn,中转,10 ms
198.11.174.207,443,198.11.174.207,US,San Jose,中转,18 ms
47.254.95.232,443,47.254.95.232,US,San Jose,中转,1 ms
47.245.183.219,443,47.245.183.219,DE,Amsterdam,中转,1 ms
8.209.67.20,443,8.209.67.20,DE,Frankfurt,中转,60 ms
47.254.64.23,443,47.254.64.23,US,San Jose,中转,1 ms
47.245.161.121,443,47.245.161.121,DE,Frankfurt,中转,0 ms
47.90.132.77,443,47.90.132.77,US,Ashburn,中转,59 ms
47.89.217.153,443,47.89.217.153,US,San Jose,中转,50 ms
47.88.52.220,443,47.88.52.220,US,San Jose,中转,91 ms
47.88.62.30,443,47.88.62.30,US,San Jose,中转,4 ms
8.208.19.69,443,8.208.19.69,GB,London,中转,4 ms
47.254.31.180,443,47.254.31.180,US,San Jose,中转,0 ms
47.91.75.126,443,47.91.75.126,DE,Frankfurt,中转,3 ms
8.208.85.54,443,8.208.85.54,GB,London,中转,1 ms
8.208.94.11,443,8.208.94.11,GB,London,中转,2 ms
47.88.30.213,443,47.88.30.213,US,San Jose,中转,0 ms
8.209.82.106,443,8.209.82.106,DE,Frankfurt,中转,0 ms
47.254.20.8,443,47.254.20.8,US,San Jose,中转,2 ms
47.251.5.250,443,47.251.5.250,US,San Jose,中转,1 ms
47.253.87.245,443,47.253.87.245,US,Ashburn,中转,0 ms
47.245.176.195,443,47.245.176.195,DE,Frankfurt,中转,2 ms
47.251.50.40,443,47.251.50.40,US,San Jose,中转,17 ms
47.245.177.252,443,47.245.177.252,DE,Frankfurt,中转,3 ms
8.209.68.114,443,8.209.68.114,DE,Amsterdam,中转,1 ms
47.74.12.252,443,47.74.12.252,JP,Tokyo,中转,0 ms
47.251.40.124,443,47.251.40.124,US,San Jose,中转,1 ms
47.245.169.35,443,47.245.169.35,DE,Frankfurt,中转,87 ms
47.90.137.181,443,47.90.137.181,US,Ashburn,中转,89 ms
47.245.133.57,443,47.245.133.57,DE,Frankfurt,中转,1 ms
47.90.200.210,443,47.90.200.210,US,Ashburn,中转,80 ms
47.254.155.174,443,47.254.155.174,DE,Frankfurt,中转,1 ms
8.209.110.187,443,8.209.110.187,DE,Frankfurt,中转,68 ms
47.88.94.65,443,47.88.94.65,US,San Jose,中转,71 ms
8.211.63.155,443,8.211.63.155,DE,Amsterdam,中转,6 ms
8.209.82.215,443,8.209.82.215,DE,Amsterdam,中转,3 ms
47.88.33.40,443,47.88.33.40,US,San Jose,中转,44 ms
47.91.76.29,443,47.91.76.29,DE,Frankfurt,中转,1 ms
47.74.37.50,443,47.74.37.50,JP,Tokyo,中转,14 ms
47.254.73.88,443,47.254.73.88,US,San Jose,中转,5 ms
47.90.212.110,443,47.90.212.110,US,Ashburn,中转,1 ms
8.209.70.90,443,8.209.70.90,DE,Frankfurt,中转,5 ms
47.88.21.25,443,47.88.21.25,US,San Jose,中转,10 ms
47.252.39.74,443,47.252.39.74,US,Ashburn,中转,7 ms
47.88.8.79,443,47.88.8.79,US,San Jose,中转,3 ms
47.245.166.39,443,47.245.166.39,DE,Frankfurt,中转,2 ms
47.88.105.251,443,47.88.105.251,US,San Jose,中转,1 ms
47.251.43.49,443,47.251.43.49,US,San Jose,中转,2 ms
47.74.11.103,443,47.74.11.103,JP,Tokyo,中转,1 ms
47.252.7.230,443,47.252.7.230,US,Ashburn,中转,72 ms
47.254.130.203,443,47.254.130.203,DE,Frankfurt,中转,1 ms
8.211.44.36,443,2a0b:21c0:100a:1f9:0:2cb2:cd92:57ca,NL,Frankfurt,隧道,13 ms
47.252.22.47,443,47.252.22.47,US,Ashburn,中转,1 ms
47.252.19.88,443,47.252.19.88,US,Ashburn,中转,3 ms
47.90.138.102,443,47.90.138.102,US,Ashburn,中转,1 ms
47.254.145.169,443,47.254.145.169,DE,Frankfurt,中转,1 ms
8.211.49.119,443,2a0b:21c0:100a:1b7:0:4485:6a17:13aa,NL,Frankfurt,隧道,6 ms
47.89.253.228,443,47.89.253.228,US,San Jose,中转,0 ms
47.89.209.9,443,47.89.209.9,US,San Jose,中转,16 ms
8.209.100.213,443,8.209.100.213,DE,Frankfurt,中转,7 ms
47.254.155.94,443,47.254.155.94,DE,Frankfurt,中转,11 ms
198.11.173.28,443,198.11.173.28,US,San Jose,中转,1 ms
8.208.14.58,443,8.208.14.58,GB,London,中转,4 ms
47.251.4.78,443,47.251.4.78,US,San Jose,中转,1 ms
47.251.3.188,443,47.251.3.188,US,San Jose,中转,3 ms
47.254.89.138,443,47.254.89.138,US,San Jose,中转,69 ms
47.251.47.166,443,47.251.47.166,US,San Jose,中转,1 ms
8.209.66.10,443,2606:f240:f00:eaf1:0:6066:96f2:e139,US,Frankfurt,隧道,10 ms
47.254.135.99,443,47.254.135.99,DE,Frankfurt,中转,0 ms
47.254.170.248,443,47.254.170.248,DE,Amsterdam,中转,1 ms
8.219.152.124,443,8.219.152.124,SG,Singapore,中转,3 ms
8.211.62.142,443,8.211.62.142,DE,Frankfurt,中转,3 ms
47.254.19.111,443,47.254.19.111,US,San Jose,中转,0 ms
47.254.128.219,443,47.254.128.219,DE,Frankfurt,中转,0 ms
8.209.74.206,443,8.209.74.206,DE,Frankfurt,中转,7 ms
47.88.90.83,443,47.88.90.83,US,San Jose,中转,8 ms
47.90.164.248,443,47.90.164.248,US,Ashburn,中转,0 ms
47.245.166.196,443,47.245.166.196,DE,Frankfurt,中转,1 ms
47.245.162.80,443,47.245.162.80,DE,Frankfurt,中转,1 ms
47.88.6.143,443,47.88.6.143,US,San Jose,中转,9 ms
47.90.163.194,443,47.90.163.194,US,Ashburn,中转,2 ms
47.88.30.104,443,47.88.30.104,US,San Jose,中转,2 ms
47.89.153.143,443,47.89.153.143,US,Ashburn,中转,1 ms
47.251.41.133,443,47.251.41.133,US,San Jose,中转,2 ms
47.74.52.37,443,47.74.52.37,JP,Tokyo,中转,6 ms
47.251.8.205,443,47.251.8.205,US,San Jose,中转,0 ms
47.74.16.81,443,47.74.16.81,JP,Tokyo,中转,0 ms
47.251.7.156,443,47.251.7.156,US,San Jose,中转,1 ms
47.251.50.15,443,47.251.50.15,US,San Jose,中转,0 ms
47.254.64.50,443,47.254.64.50,US,San Jose,中转,7 ms
47.252.38.181,443,47.252.38.181,US,Ashburn,中转,2 ms
8.211.30.146,443,8.211.30.146,DE,Frankfurt,中转,3 ms
198.11.174.84,443,198.11.174.84,US,San Jose,中转,1 ms
47.88.23.45,443,47.88.23.45,US,San Jose,中转,1 ms
47.91.28.41,443,47.91.28.41,JP,Tokyo,中转,0 ms
8.211.29.200,443,8.211.29.200,DE,Frankfurt,中转,1 ms
8.208.21.208,443,8.208.21.208,GB,London,中转,1 ms
47.245.168.98,443,47.245.168.98,DE,Frankfurt,中转,0 ms
47.253.46.60,443,47.253.46.60,US,Ashburn,中转,1 ms
8.211.41.91,443,2a0b:21c0:100a:1b3:0:4188:c5a1:e79d,NL,Frankfurt,隧道,1 ms
8.209.118.200,443,8.209.118.200,DE,Amsterdam,中转,1 ms
47.245.129.72,443,47.245.129.72,DE,Frankfurt,中转,1 ms
8.209.91.155,443,8.209.91.155,DE,Frankfurt,中转,7 ms
47.90.248.199,443,47.90.248.199,US,Ashburn,中转,6 ms
47.254.157.59,443,47.254.157.59,DE,Frankfurt,中转,59 ms
47.254.75.7,443,47.254.75.7,US,San Jose,中转,7 ms
47.254.145.224,443,47.254.145.224,DE,Frankfurt,中转,3 ms
8.209.89.237,443,8.209.89.237,DE,Frankfurt,中转,2 ms
47.89.233.240,443,47.89.233.240,US,San Jose,中转,1 ms
47.88.7.27,443,47.88.7.27,US,San Jose,中转,1 ms
47.245.180.162,443,47.245.180.162,DE,Frankfurt,中转,72 ms
8.209.69.206,443,8.209.69.206,DE,Frankfurt,中转,4 ms
47.254.144.195,443,47.254.144.195,DE,Frankfurt,中转,79 ms
47.88.30.51,443,47.88.30.51,US,San Jose,中转,1 ms
47.254.34.234,443,47.254.34.234,US,San Jose,中转,1 ms
47.74.26.235,443,47.74.26.235,JP,Tokyo,中转,5 ms
47.251.3.39,443,47.251.3.39,US,San Jose,中转,12 ms
47.89.234.124,443,47.89.234.124,US,San Jose,中转,0 ms
8.211.29.224,443,8.211.29.224,DE,Frankfurt,中转,11 ms
